关键词,整体指数,PC指数,移动指数,收录量
4个月宝宝拉肚子,102,25,77,17100000
4个月宝宝拉肚子怎么办,305,53,252,19600000
8个月宝宝拉肚子怎么办,206,36,170,25000000
爱出汗是怎么回事,165,26,139,2360000
安全套能防止性病吗,66,66,0,559000
八个月宝宝拉肚子怎么办,310,64,246,21100000
疤痕疙瘩怎么办,42,34,8,9210000
白带发黄吃什么药,327,26,301,2470000
白带有血丝是什么原因,133,0,133,2590000
白带有血丝是怎么回事,1033,70,963,2930000
白细胞低吃什么好,115,35,80,3190000
白细胞低吃什么药,117,0,117,8680000
败血症的早期症状,112,18,94,3530000
包皮手术多少钱,688,97,591,3990000
包皮手术后勃起怎么办,71,0,71,4140000
包皮手术后多久可以痊愈,8,8,0,4590000
宝宝吃奶老吐怎么办,1,1,0,1430000
宝宝持续低烧怎么办,234,0,235,2090000
宝宝干咳吃什么药,190,64,126,5870000
宝宝免疫力差怎么办,108,34,74,2930000
宝贝乐儿童益生菌颗粒,78,0,78,104000
爆菊花什么感觉,46,0,46,787000
背部疼痛的原因,310,147,163,11900000
背痛胸闷是什么原因,1,1,0,2570000
背心痛是怎么回事,526,70,456,164000
被老鼠咬出血怎么办,204,51,153,3410000
被蜜蜂蛰了怎么消肿,392,124,268,371000
被太阳晒伤怎么办,84,17,67,99100
鼻子不通气吃什么药,108,9,99,1120000
鼻子出血是怎么回事,71,8,63,8010000
鼻子干燥怎么办,157,63,94,6770000
鼻子痒是怎么回事,671,83,588,7560000
扁桃体发炎引起发烧,187,63,124,7200000
扁桃体发炎引起发烧怎么办,98,62,36,8160000
扁桃体化脓怎么办,125,8,117,5920000
扁桃体炎吃什么药,148,43,105,426000
便血是怎么回事,152,16,136,7340000
槟榔十三味丸抑郁症,1,1,0,523000
脖子上长小肉疙瘩疼,80,8,72,247000
脖子上长小肉疙瘩痛,1,1,0,242000
补一颗烤瓷牙多少钱,140,104,36,539000
哺乳期能喝板蓝根吗,163,34,129,998000
不爱吃饭怎么办,92,9,83,17400000
不戴避孕套会怀孕吗,1,1,0,16700000
不怀孕怎么办,136,53,83,41400000
不来月经是怎么回事,965,93,872,7960000
不射进去会怀孕吗,77,0,77,7050000
产妇能吃豆腐吗,141,8,133,4290000
肠虫清什么时候吃,86,24,62,952000
肠胃不好口臭怎么办,164,82,82,3420000
肠胃吸收不好怎么办,118,33,85,6890000
尘肺病的早期症状,433,64,369,389000
吃避孕药还会怀孕吗,116,9,107,22100000
吃避孕药会推迟月经吗,98,17,81,19100000
吃避孕药月经会推迟吗,146,0,146,19200000
吃紧急避孕药的危害,263,0,263,3930000
吃紧急避孕药后出血,169,17,152,5460000
吃精子会怀孕吗,83,9,74,5400000
吃了避孕药还会怀孕吗,921,35,886,8160000
吃了避孕药月经会推迟多久,871,17,854,15800000
吃了紧急避孕药出血,17,0,17,4680000
吃了紧急避孕药还会怀孕吗,259,9,250,5280000
吃了毓婷还会怀孕吗,8,0,8,2950000
吃螃蟹过敏怎么办,113,0,113,416000
吃什么会导致阳痿,44,44,0,13900000
吃什么可以治疗便秘,146,26,120,14300000
出汗多是什么原因,3400,394,3006,808000
出虚汗是怎么回事,574,78,496,3190000
唇腭裂手术多少钱,75,0,75,2380000
打黄体酮几天来月经,410,65,345,6110000
打美白针一般多少钱,105,69,36,2350000
打喷嚏流鼻涕吃什么药,227,65,162,2900000
打喷嚏流清鼻涕怎么办,184,57,127,1330000
打破伤风多少钱,243,0,244,288000
打一针美白针要多少钱,121,121,0,3400000
大便不成形吃什么药,223,53,170,1110000
大便不成形经常拉稀,72,36,36,121000
大便不成形怎么办,95,9,86,3530000
大便出血是什么原因,1398,141,1257,14600000
大便出血是怎么回事,155,9,146,14700000
大便出血鲜红不疼,116,0,116,2390000
大便出血怎么办,240,26,214,16500000
大便次数多的原因,74,17,57,2080000
大便大量出血,65,9,56,1970000
大便干燥的原因,44,0,44,13200000
大便干燥拉不出来,43,0,44,900000
大便干燥如何治了,1,1,0,12000000
大便干燥怎么办,397,100,297,12500000
大便拉血是怎么回事,139,0,140,3550000
大便偶尔出血,44,17,27,326000
大便时出血怎么办,519,317,202,4160000
大便疼痛出血怎么办,163,51,112,12700000
大豆异黄酮能丰胸吗,70,0,70,41000
大肚子茶效果怎么样,91,8,83,1790000
戴避孕套还会怀孕吗,8,8,0,9820000
胆红素偏高的原因,278,171,107,2060000
胆结石最佳治疗方法,2773,506,2267,4260000
得了红眼病怎么办,107,42,65,1120000
得了湿疹怎么办,197,43,154,9750000
得了阴道炎怎么办,137,53,84,5090000
低烧吃什么药,237,28,209,4070000
低血糖怎么办,907,88,819,5340000
低血压正常范围,36,18,18,2130000
滴虫性阴炎是怎么得的,120,16,104,755000
滴虫性阴炎用什么药,476,26,450,373000
敌百虫能治皮肤病吗,1,1,0,52400
第一次会不会流血,86,17,69,11800000
电热毯对孕妇有影响吗,8,8,0,991000
垫鼻子要多少钱,182,64,118,2400000
斗鸡眼手术要多少钱,66,0,66,664000
肚鸡眼左边是什么,8,8,0,26800
肚子疼吃什么,130,35,95,3620000
肚子疼吃什么好,100,8,92,3330000
肚子痛吃什么好,70,17,53,5430000
肚子左边疼是怎么回事,1983,69,1914,1430000
多久打一次飞机,127,52,75,3010000
多长时间算是早泄,65,65,0,3300000
鹅掌风传染吗,100,17,83,1190000
额头上长疙瘩怎么办,8,8,0,6610000
恩艾效果怎么样,8,8,0,6430
儿童抽动症挂什么科,44,8,36,1010000
儿童嗓子疼吃什么药,71,0,71,3290000
耳垂里面长了个硬包,138,73,65,143000
耳垂里面长了个硬包,138,73,65,143000
耳朵后面长疙瘩,114,17,97,2140000
耳朵后面长了个疙瘩,985,397,588,973000
耳朵进水出不来怎么办,348,175,173,205000
耳朵里面痒怎么办,485,90,395,1910000
耳朵上长了个硬包怎么办,212,54,158,957000
耳朵长了个硬包,95,16,79,742000
耳朵长了个硬包,95,16,79,742000
二维彩超多少钱,75,0,76,1340000
发低烧怎么办,555,81,474,2360000
发烧39度怎么办,166,26,140,5180000
反复发烧怎么办,312,34,278,3530000
肺气肿吃什么药好,97,0,97,4570000
肺气肿传染吗,156,26,130,6510000
肺炎支原体抗体阴性,151,36,115,2090000
封闭抗体检查多少钱,75,8,67,528000
夫妻同房后出血,224,69,155,2380000
夫妻同房怎么会出血,67,0,67,58600
夫妻同房怎么会出血,67,0,67,58600
妇科病吃什么药,104,35,69,5440000
妇科体检多少钱,25,17,8,19300000
妇科炎症吃什么药,877,43,834,11700000
妇科炎症吃什么药好,219,84,135,11000000
妇科炎症用什么药好,95,26,69,9170000
腹胀吃什么药,136,54,82,3680000
肝功检查多少钱,160,25,135,10900000
肝功能检查多少钱,407,71,336,9880000
肝功能血液检查项目,1,1,0,1480000
肝硬化能治好吗,106,8,98,11500000
感冒鼻塞吃什么药好,153,69,84,17500000
感冒发烧吃什么药,400,102,298,11000000
感冒发烧吃什么药好,86,17,69,7940000
感冒发烧了怎么办,129,62,67,21200000
感冒发烧怎么办,761,81,680,19400000
感冒喉咙痛怎么办,592,127,465,5490000
感冒流鼻涕打喷嚏,142,63,79,4720000
感冒能吃羊肉吗,203,44,159,3800000
感冒嗓子疼吃什么药,279,67,212,15400000
感冒药吃多了怎么办,16,16,0,1670000
干咳吃什么消炎药好,1,1,0,8200000
干咳吃什么药好,107,17,90,4180000
干咳是什么原因,95,17,78,2270000
干咳是怎么回事,106,9,97,5470000
干咳嗽吃什么药,159,26,133,3980000
干咳嗽吃什么药好,77,0,77,2700000
干咳嗽怎么办,147,9,138,3220000
刚刚怀孕有什么症状,689,44,645,62000000
刚怀孕会腰酸吗,137,8,129,1950000
刚怀孕有什么症状,1434,65,1369,7420000
肛裂是怎么回事,82,9,73,6530000
肛门附近长了个疙瘩,81,18,63,402000
肛门附近长了个疙瘩,81,18,63,402000
肛门口长了个肉疙瘩,8,8,0,503000
肛门里面痒怎么办,168,17,151,864000
肛门瘙痒该怎么治疗,8,8,0,12800000
肛门瘙痒用什么药,353,69,284,11700000
肛门瘙痒怎么办,169,34,135,10100000
肛门湿疹用什么药,90,8,82,9870000
肛门疼痛是什么原因,9,9,0,7330000
肛门痒是什么病,1,1,0,9360000
肛门痒是什么原因,91,17,74,10400000
肛门痒是怎么回事,185,66,119,8810000
肛门痒怎么办,115,26,89,14400000
肛门痔疮怎么治疗,1,1,0,19300000
肛门周围痒是怎么回事,1,1,0,2070000
肛门周围痒怎么回事,8,0,8,3100000
膏药过敏怎么办,108,9,99,3670000
胳膊疼是怎么回事,441,96,345,14500000
更年期吃什么药好,91,44,47,4710000
更年期出汗吃什么药,138,47,91,4650000
更年期出汗怎么办,269,63,206,5040000
更年期失眠怎么办,143,25,118,7460000
更年期有什么症状,147,36,111,5990000
更年期怎么办,210,66,144,4920000
宫颈糜烂是什么症状,154,8,146,4330000
宫颈糜烂用什么药好,203,67,136,11600000
宫外孕会不会来月经,98,33,65,5390000
刮宫多少钱,185,64,121,2260000
刮宫和人流的区别,97,26,71,4230000
刮宫后多久来月经,400,54,346,1370000
挂钩疼怎么办,73,0,73,1140000
冠周炎吃什么药,133,26,107,3350000
过敏性咳嗽怎么办,137,65,72,8190000
过期的牛奶可以喝吗,17,0,17,8900000
过夜的开水能喝吗,507,200,307,956000
红斑狼疮能治好吗,120,25,95,6810000
红蓝光治疗痤疮价格,66,0,66,1100000
鸿茅药酒治疗什么病,8,8,0,263000
鸿茅药酒治什么病,9,0,9,156000
喉咙痛吃什么消炎药,152,18,134,2700000
喉咙痒干咳嗽怎么办,88,9,79,2440000
喉咙痒干咳怎么办,179,88,91,5470000
喉咙痒咳嗽吃什么药,248,42,206,5770000
喉咙痒咳嗽吃什么药,248,42,206,5770000
喉咙痒咳嗽怎么办,3458,278,3180,8750000
喉咙肿痛吃什么药,79,43,36,6880000
后背疼是怎么回事,319,55,264,1450000
后背疼痛是什么原因,4486,408,4078,5020000
后背痛是怎么回事,81,9,72,1450000
呼吸困难是怎么回事,163,68,95,4550000
狐臭手术多少钱,211,71,140,1470000
怀孕4个月能打掉吗,298,8,290,4890000
怀孕初期有哪些症状,224,66,158,48800000
怀孕初期有什么症状,473,66,407,48900000
怀孕初期症状有哪些,133,45,88,6220000
怀孕得了痔疮怎么办,72,0,72,8760000
怀孕的早期症状,973,94,879,17300000
怀孕的症状有哪些,70,0,70,9280000
怀孕多久可以做人流,784,87,697,32500000
怀孕几个月肚子变大,127,34,93,340000
怀孕几个月有奶水,245,16,229,449000
怀孕几个月有奶水,245,16,229,449000
怀孕可以吃西瓜吗,820,66,754,3400000
怀孕了怎么办,424,84,340,48200000
怀孕能吃西瓜吗,696,56,640,2360000
怀孕能吃鸭肉吗,127,0,127,2100000
怀孕七个月能同房吗,594,0,594,549000
怀孕三个月肚子疼,214,8,206,3520000
怀孕十天能测出来吗,202,18,184,16000000
怀孕天数怎么算,492,34,458,21800000
怀孕牙龈肿痛怎么办,263,78,185,2230000
怀孕一个月能同房吗,180,18,162,1360000
怀孕一个月怎么办,186,46,140,18600000
怀孕一个月怎么打胎,153,52,101,3610000
缓解胃痛吃什么药,1,1,0,4950000
浑身没劲是怎么回事,213,82,131,3340000
浑身酸痛无力怎么办,115,26,89,8400000
鸡眼膏多少钱,34,0,35,700000
激光割双眼皮多少钱,63,63,0,2910000
激光去鸡眼多少钱,103,17,86,468000
急性肠胃炎吃什么药,1143,106,1037,1620000
急性肠炎吃什么药,525,73,452,12200000
急性阑尾炎手术费用,161,18,143,2770000
甲减能治好吗,266,38,228,4700000
甲减能治愈吗,818,62,756,2470000
甲状腺结节能喝茶吗,8,8,0,474000
尖锐湿疣初期好治吗,61,44,17,3770000
尖锐性湿疣怎么治,1,1,0,16400000
肩膀疼痛是什么原因,1045,45,1000,11400000
检查肝功多少钱,8,0,8,1490000
检查肝功能多少钱,72,25,47,12900000
减肥可以喝牛奶吗,138,26,112,2770000
减肥药会反弹吗,65,0,65,2760000
碱性磷酸酶偏低的原因,346,135,211,910000
碱性磷酸酶偏高的原因,1278,90,1188,1050000
健脾养胃吃什么药,1,1,0,2910000
腱鞘炎的治疗方法,128,37,91,1960000
降压药吃多了怎么办,77,25,52,905000
脚背疼是怎么回事,877,75,802,55100
脚被钉子扎了怎么办,525,65,460,243000
脚底板疼是怎么回事,890,55,835,1690000
脚底骨刺怎么办,1,1,0,1390000
脚底痛是怎么回事,253,77,176,3420000
脚底脱皮是怎么回事,686,73,613,1850000
脚后跟麻是怎么回事,117,26,91,770000
脚后跟疼怎么办,231,34,197,3300000
脚裂口是什么原因,343,61,282,2840000
脚麻是怎么回事,858,116,742,3300000
脚热是怎么回事,310,70,240,2030000
脚上起水泡怎么办,2136,76,2060,3530000
脚心刺疼是怎么回事,1,1,0,38500
脚心痒是怎么回事,582,0,583,1770000
脚趾甲有横纹怎么办,239,74,165,99100
脚趾甲长肉里怎么办,74,8,66,316000
脚肿了怎么消肿,65,8,57,1530000
接吻会不会怀孕,103,25,78,2830000
结膜炎多久能好,1023,91,932,2350000
疥疮怎么引起的,17,0,17,4290000
紧急避孕药多少钱,261,25,236,2570000
近视手术后眼压高,1,1,0,91800
经常发烧是怎么回事,127,43,84,3630000
经常腹泻怎么办,65,0,65,2060000
经常过敏怎么办,82,0,82,1830000
经常口腔溃疡是怎么回事,96,0,96,10900000
经常拉肚子是怎么回事,223,67,156,8690000
经常失眠是什么原因,101,17,84,997000
经常失眠怎么办,423,57,366,2420000
经常做梦是什么原因,682,44,638,1140000
经期行房会怀孕吗,55,18,37,7460000
经期可以喝中药吗,157,35,122,7110000
经期能吃药吗,118,25,93,1960000
经期能喝豆浆吗,157,43,114,1970000
经期能喝中药吗,120,18,102,14000000
经期同房会怀孕吗,322,9,313,20500000
经期同房会怀孕吗,322,9,313,20500000
经期推迟怎么办,106,17,89,12000000
精子能美容吗,85,8,77,1070000
颈椎按摩器有用吗,153,54,99,2730000
颈椎病头晕怎么办,542,269,273,17200000
颈椎病严重的症状,66,66,0,11900000
颈椎病引起的头痛,198,52,146,16300000
净雪激光治疗仪效果,1,1,0,17400
绝经后又来月经,72,45,27,1920000
咳嗽吃什么消炎药,116,34,82,5930000
咳嗽能吃鸡蛋吗,562,75,487,2170000
咳嗽有黄痰吃什么药,208,68,140,495000
咳嗽有黄痰吃什么药,208,68,140,495000
咳嗽有痰吃什么药,380,57,323,3500000
咳嗽有痰吃什么药好,17,8,9,3850000
咳血是怎么回事,408,46,362,1290000
克山病是什么引起的,1,1,0,63000
口臭是怎么回事,535,42,493,6200000
口腔医院镶牙价格,94,94,0,2050000
快来月经会不会怀孕,1,1,0,15100000
狂犬病潜伏期多久,119,35,84,4210000
拉肚子能减肥吗,154,17,137,7750000
拉屎出血是怎么回事,75,8,67,7930000
拉屎出血是怎么回事,75,8,67,7930000
拉屎拉出血怎么办,36,0,36,2190000
来月经还会怀孕吗,127,17,110,8990000
来月经会不会怀孕,69,0,69,7910000
来月经会不会怀孕,69,0,69,7910000
来月经可以吃巧克力吗,272,60,212,1980000
来月经可以同房吗,94,0,94,7290000
阑尾炎吃什么药,597,67,530,6340000
阑尾炎是怎么引起的,1474,69,1405,3060000
阑尾炎手术要多少钱,184,67,117,5430000
阑尾在左边还是右边,668,67,601,132000
老干咳怎么回事,1,1,0,3680000
老年斑是怎么回事,1,1,0,1380000
老年人顽固性失眠,1,1,0,2640000
老是咳嗽怎么办,199,34,165,12800000
利血平的副作用有哪些,200,18,182,1000000
脸部皮肤粗糙起皮,1,1,0,220000
脸过敏发红怎么办,131,17,114,12300000
脸化妆品过敏怎么办,1,1,0,2180000
脸颊两侧长斑的原因,343,56,287,3650000
脸上皮肤突然粗糙,1,1,0,7550000
脸上长痤疮怎么办,207,74,133,1940000
脸上长疙瘩怎么办,162,37,125,7910000
脸上长小疙瘩怎么办,134,17,117,3120000
脸总过敏怎么办,68,0,68,2020000
两个月没来月经怎么回事,114,36,78,5890000
淋巴结发炎吃什么药,352,71,281,6080000
淋巴结肿大吃什么药,639,71,568,3720000
淋巴细胞百分比偏低的原因,351,200,151,2020000
流鼻涕打喷嚏吃什么药,836,62,774,3290000
流感吃什么药,123,36,87,11100000
流口水是怎么回事,65,0,65,4280000
炉甘石洗剂怎么用,428,66,362,500000
卵巢大小正常范围,113,69,44,17100000
慢性肠炎吃什么药,460,85,375,2750000
慢性结肠炎吃什么药,413,70,343,3040000
慢性盆腔炎吃什么药,130,16,114,1540000
慢性盆腔炎如何根治,637,79,558,3240000
慢性盆腔炎如何根治,637,79,558,3240000
慢性前列腺炎怎么治,60,42,18,3650000
慢性胃炎吃什么药,734,80,654,3850000
没射进去怀孕了,1,1,0,4340000
没射进去会不会怀孕,69,0,70,1570000
没射进去会怀孕吗,107,9,98,9440000
没有进去会不会怀孕,18,0,18,3860000
霉菌性阴炎吃什么药,216,43,173,2240000
美白针有什么副作用,72,26,46,2490000
美容院去痘印多少钱,1,1,0,3560000
蒙古黑药丹神抗骨丸,1,1,0,7650
糜烂性胃炎吃什么药,706,102,604,2990000
免疫力低下怎么办,118,26,92,9660000
免疫力下降怎么办,87,17,70,3070000
磨腮削骨多少钱,73,9,64,156000
奶水太多怎么办,86,9,77,1130000
男人可以用妇炎洁吗,8,8,0,338000
脑充血是什么原因,1,1,0,530000
脑出血偏瘫能康复吗,8,8,0,3050000
脑供血不足吃什么药,1702,136,1566,2250000
脑膜炎的早期症状,814,68,746,5180000
脑血栓怎么能治好,1,1,0,7120000
脑炎有什么后遗症,79,0,79,5720000
脑炎有什么症状,131,53,78,6650000
尿道刺痛自己会好吗,54,0,54,6800000
尿道炎是怎么引起的,226,84,142,2640000
尿毒症是怎么引起的,2030,233,1797,4440000
尿多是怎么回事,930,10,920,11200000
尿结石有什么症状,76,0,76,2720000
尿路感染吃什么药,3458,220,3238,4010000
尿路感染吃什么药最好,9,0,9,3750000
尿路感染是怎么引起的,381,121,260,4390000
尿路感染是怎么引起的,381,121,260,4390000
尿酸高怎么办,1088,185,903,3210000
尿痛是什么原因,34,9,25,695000
尿痛是怎么回事,176,26,150,3070000
尿血是什么病,110,0,110,639000
女人来月经能同房吗,519,43,476,6680000
女人月经一般几天,155,26,129,31600000
女性大便带血,1,1,0,1580000
女性尖锐湿疣外用药,1,1,0,2590000
女性尿路感染的症状,158,53,105,4030000
女性尿路感染症状,351,52,299,3860000
女性尿频的原因,119,47,72,4010000
女性尿频尿急尿不尽怎么办,109,43,66,2240000
女性皮肤粗糙,1,1,0,5840000
女性全身体检多少钱,74,8,66,107000
呕吐吃什么药,199,43,156,18100000
帕金森的治疗方法,99,0,100,8080000
刨妇产多久可以同房,278,43,235,158000
盆腔积液多少算正常,174,27,147,3560000
盆腔积液影响怀孕吗,346,83,263,4550000
皮肤有一块粗糙,8,8,0,7580000
脾虚肥胖怎么办,96,18,78,3010000
屁眼里长痔疮怎么办,8,8,0,697000
屁眼长个小疙瘩,100,9,91,828000
苹果可以去痘印吗,78,8,70,328000
破腹产多久能同房,127,54,73,102000
破伤风针多少钱,199,54,145,1160000
破伤风针什么时候打,1365,76,1289,383000
七个月宝宝拉肚子怎么办,266,17,249,27400000
前列活力效果怎么样,1,1,0,4960
前列腺钙化是怎么回事,857,54,803,2080000
前列腺炎的特效药,1,1,0,2370000
前列腺炎影响怀孕吗,17,8,9,9210000
前庭大腺囊肿吃什么药,120,8,112,2120000
浅表性胃炎吃什么药,623,68,555,2990000
桥本甲状腺炎严重吗,123,8,115,3500000
青瓜敷脸能祛斑吗,1,1,0,34000
轻度宫颈糜烂,703,78,625,6080000
轻度宫颈糜烂如何治疗,91,8,83,5130000
轻度宫颈糜烂需要治疗吗,205,17,188,9540000
轻度宫颈糜烂需要治疗吗,205,17,188,9540000
轻度脂肪肝怎么办,1009,145,864,2480000
轻微食物中毒怎么办,138,0,138,2680000
清宫要多少钱,151,52,99,3010000
全身抽筋是什么原因,234,61,173,245000
全身美白针要多少钱,67,67,0,1150000
全身酸痛是怎么回事,1405,114,1291,13200000
全身痒是怎么回事,579,72,507,2270000
全身痒是怎么回事,579,72,507,2270000
热得快烧的水能喝吗,90,0,90,34800
人流后吃什么消炎药,157,7,150,7020000
人流后多久可以碰冷水,533,25,508,1050000
人流后同房了怎么办,238,17,221,7280000
人体温度多少正常,214,8,206,22500000
妊娠纹能去掉吗,81,9,72,1270000
如何去除脸上黄褐斑,106,98,8,1410000
如何去脸上黄褐斑,848,94,754,4520000
乳头痛是什么原因,122,34,88,6810000
乳头痒是什么原因,80,0,80,9630000
乳腺纤维瘤严重吗,226,108,118,1950000
乳晕大怎么回事,274,172,102,150000
三维彩超多少钱,178,25,153,1260000
桑白皮枇杷叶淡竹叶,1,1,0,581000
嗓子发炎吃什么药,329,69,260,2920000
嗓子疼吃什么好,124,17,107,3810000
嗓子疼吃什么消炎药,162,8,154,12300000
嗓子疼吃什么药,1043,115,928,4950000
嗓子哑了吃什么药,194,34,160,3190000
嗓子痒咳嗽怎么办,405,190,215,19200000
上课想睡觉怎么办,166,61,105,1730000
上吐下泻怎么回事,67,0,67,2580000
烧伤起泡怎么处理,143,8,135,3240000
舌苔发黄是什么原因,540,26,514,5030000
舌头上有小红点,136,8,128,5440000
舌头烫伤怎么办,116,9,107,3540000
舌下腺囊肿手术费用,106,0,106,182000
蛇皮样皮肤病怎么治,1,1,0,2230000
射精后流出来,17,0,17,2530000
身上起红疙瘩很痒怎么办,6264,413,5851,3290000
身上痒是怎么回事,659,79,580,2220000
身上痒怎么办,234,43,191,22400000
身上有小红点是怎么回事,842,17,825,2090000
身上长红点怎么办,397,65,332,16700000
身上长肉疙瘩怎么办,210,66,144,1260000
什么牌子的湿疹药效果最好,1,1,0,12700000
什么样的女人阴道紧,119,1,118,17100000
什么壮阳药好,132,60,72,390000
神经紧张吃什么药好,1,1,0,25100000
神经性耳鸣吃什么药,208,65,143,1720000
神经性头疼吃什么药,114,0,114,2660000
神经炎能治好吗,77,0,77,2090000
肾病综合症的治疗,62,45,17,4570000
肾结石吃什么药,539,55,484,5170000
肾结石吃什么药好,79,0,79,5980000
生理盐水多少钱,96,35,61,14400000
失眠多梦是怎么回事,420,16,404,5750000
湿疹用皮炎平管用吗,1,1,0,2770000
食指断了怎么治疗,1,1,0,2690000
试纸的准确率有多高,70,0,70,2030000
嗜睡是什么意思,233,17,216,3650000
手背上的老年斑,74,17,57,226000
手脚麻木怎么办,91,8,83,3010000
手脚脱皮是什么原因,705,70,635,4240000
手上起老年斑怎么办,91,64,27,341000
手上为什么会长老年斑,43,43,0,233000
手为什么长老年斑,1,1,0,346000
手心发热是怎么回事,1030,110,920,4000000
手心脚心发热是怎么回事,1761,125,1636,2790000
手癣会传染到脸上吗,1,1,0,2420000
手足口病吃什么药,532,69,463,7950000
受到惊吓怎么办,107,8,99,3170000
双子宫是怎么回事,102,57,45,131000
水泡破了怎么办,80,25,55,1570000
水银中毒怎么办,109,9,100,2550000
睡不着觉怎么办,363,54,309,7550000
睡不着觉怎么回事,64,8,56,4190000
睡觉不枕枕头好吗,280,70,210,4500000
死胎有什么症状,136,45,91,1540000
四个月宝宝拉肚子怎么办,280,0,280,26700000
四个月的宝宝拉肚子怎么办,198,72,126,26900000
四环素牙能变白吗,103,103,0,286000
四维彩超对胎儿有影响吗,68,9,59,10000000
胎儿入盆是什么感觉,1157,54,1103,5040000
太阳神风湿灸怎么样,100,100,0,55100
烫伤起泡怎么办,187,9,178,3770000
体外排精会怀孕吗,68,0,68,777000
体外射精会怀孕吗,238,61,177,6540000
体外射精会怀孕吗,238,61,177,6540000
停经多久能测出怀孕,231,0,231,298000
同房后出血怎么回事,234,8,226,5610000
痛经是怎么回事,167,0,168,7880000
痛经严重怎么办,152,34,118,4700000
头顶疼是怎么回事,1077,145,932,12800000
头发出油厉害怎么办,820,180,640,2730000
头昏是怎么回事,150,0,150,18400000
头皮上长老年斑,1,1,0,41300
头疼恶心是怎么回事,339,59,280,9890000
头痛恶心是怎么回事,143,8,135,21800000
头晕耳鸣是怎么回事,262,87,175,10600000
头晕是怎么回事,1482,629,853,16200000
突然干咳怎么回事,1,1,0,6630000
推迟月经吃什么药,136,64,72,5300000
推迟月经的原因,84,8,76,21300000
腿发麻是怎么回事,222,44,178,867000
腿麻是怎么回事,189,8,181,2610000
腿酸是什么原因,76,0,76,293000
腿酸是怎么回事,471,147,324,3700000
腿酸疼是怎么回事,223,68,155,6510000
腿疼是什么原因,124,66,58,2130000
外阴痒是什么原因,66,0,66,9890000
外阴痒是怎么回事,110,17,93,15800000
外阴痒用什么药,115,26,89,16700000
外阴长了个包,76,17,59,419000
外痔疮的最佳治疗方法,1283,105,1178,2230000
晚上吃西瓜会胖吗,253,67,186,335000
晚上经常失眠怎么办,112,0,112,1060000
晚上失眠吃什么好,84,0,84,15900000
晚上睡觉磨牙怎么办,131,0,131,2720000
晚上睡前喝牛奶好吗,114,8,106,3180000
微量元素检查多少钱,247,64,183,9200000
为什么拉屎会出血,73,16,57,2710000
为什么月经迟迟不来,1442,74,1368,5860000
维生素e什么时候吃最好,131,16,115,21300000
伟哥能延长多少时间,1520,81,1439,191000
胃出血吃什么药,166,54,112,2000000
胃镜检查多少钱,234,63,171,1090000
胃溃疡吃什么药,808,68,740,8270000
胃炎吃什么药好,154,34,120,13000000
胃胀腹胀怎么回事,1,1,0,2800000
蚊虫叮咬红肿怎么办,149,58,91,3950000
无痛人流麻醉打哪里,1,1,0,3010000
无痛人流要多少钱,3163,165,2998,7400000
无痛胃镜多少钱,702,83,619,2940000
犀牛角粉能治尿毒症,1,1,0,86
犀牛角能治肝硬化吗,8,8,0,152000
习惯性流产怎么办,165,73,92,2780000
下巴疼是怎么回事,61,53,8,12400000
下颌角磨削多少钱,32,32,0,324000
下眼皮松弛怎么办,102,26,76,631000
纤雅瘦素管用吗,1,1,0,17300
纤雅瘦素好吗,1,1,0,31600
纤雅瘦素减肥有效吗,1,1,0,22300
消化道出血的症状,478,90,388,5020000
小便赤黄是怎么回事,130,20,110,886000
小便出血是怎么回事,282,34,248,9050000
小便刺痛是怎么回事,108,17,91,8090000
小便分叉怎么办,65,0,65,1120000
小便黄是怎么回事,91,0,91,2020000
小便拉血是怎么回事,1,1,0,1240000
小便失禁怎么办,53,44,9,2700000
小便时尿道有点疼,1,1,0,1160000
小肚子疼是怎么回事,1894,176,1718,5780000
小肚子痛是怎么回事,173,0,173,24600000
小儿扁桃体发炎吃什么药,138,8,130,9490000
小儿黄疸怎么办,165,76,89,9660000
小儿咳嗽有痰怎么办,198,82,116,9450000
小儿链球菌感染,1,1,0,1350000
小儿腮腺炎的治疗,1,1,0,920000
小儿异位性皮炎,1,1,0,2400000
小腹疼痛是什么原因,611,9,602,5570000
小孩鼻炎吃什么药,88,0,88,12600000
小孩鼻炎怎么办,148,9,139,8340000
小孩鼻炎怎么办,148,9,139,8340000
小孩鼻子出血怎么回事,356,67,289,12800000
小孩不吃饭是什么原因,316,33,283,100000000
小孩低烧怎么办,395,26,369,11000000
小孩耳朵痛什么原因,63,17,46,7360000
小孩发烧不退怎么办,189,26,163,2210000
小孩感冒发烧怎么办,353,79,274,34900000
小孩干咳怎么办,349,80,269,4130000
小孩高烧不退怎么办,826,88,738,16400000
小孩咳嗽吃什么药,357,51,306,2920000
小孩身上起红疙瘩很痒,45,17,28,2950000
小孩烫伤起泡怎么办,146,0,146,2300000
心慌是怎么回事,1180,185,995,5880000
心肌炎是怎么引起的,182,44,138,2940000
心悸怎么办,230,52,178,5210000
心口窝疼是怎么回事,958,68,890,292000
心脏骤停后复苏,8,8,0,1790000
新生儿能吹空调吗,150,8,142,3170000
胸部疼痛怎么回事,148,71,77,12900000
胸部疼怎么回事,55,0,56,14900000
胸部痛是什么原因,172,0,172,13300000
胸膜炎会传染吗,75,0,75,2610000
胸疼是怎么回事,338,71,267,3260000
胸痛是怎么回事,924,27,897,4130000
胸一个大一个小怎么办,235,50,185,215000
胸越来越小了怎么办,19,0,19,9840000
胸胀是怎么回事,234,44,190,1930000
眩晕是怎么回事,87,18,69,10700000
血压低能做人流吗,1,1,0,16200000
牙缝出血是怎么回事,93,0,93,4960000
牙神经痛吃什么药,146,25,121,6050000
牙疼吃什么消炎药,423,69,354,2250000
牙疼吃什么药好,144,36,108,2940000
牙龈出血是什么原因,3639,600,3039,6720000
牙龈出血是怎么回事,152,8,144,7170000
牙龈出血怎么办,982,126,856,2710000
咽喉炎会传染吗,201,64,137,2180000
咽喉炎怎么办,215,45,170,5050000
咽炎干咳怎么治,1,1,0,5980000
严重感冒怎么办,96,9,87,2520000
严重贫血怎么办,154,35,119,3470000
严重失眠怎么办,245,44,201,2150000
眼底出血是怎么回事,1099,226,873,1030000
眼睛白眼球上有黄斑,182,66,116,100000
眼睛感觉有异物怎么办,235,73,162,3560000
眼睛哭肿了怎么快速消肿,1006,64,942,57800
眼睛老有血丝怎么办,1,1,0,4750000
眼睛失明如何治疗,1,1,0,2900000
眼球疼怎么回事,17,9,8,15200000
眼球突出怎么办,144,85,59,3170000
羊水检查需要多少钱,1,1,0,1080000
腰部疼痛的原因,96,26,70,18500000
腰间盘突出打针,17,0,17,1040000
腰间盘突出能治好吗,131,17,114,3200000
腰酸是什么原因,113,17,96,1910000
腰酸是什么原因,113,17,96,1910000
腰酸痛是怎么回事,83,26,57,3800000
腰疼是什么原因,149,34,115,3200000
腰痛的原因有哪些,1356,285,1071,2080000
腰痛是什么原因,180,35,145,3960000
腰椎病怎么治疗,67,50,17,4740000
药流不干净的症状,585,9,576,3070000
药流后吃什么消炎药,125,0,125,583000
药流后多久可以同房,526,9,517,641000
药流后多久来月经正常,994,35,959,3480000
夜尿多吃什么药,150,8,142,1710000
腋窝出汗怎么办,77,8,69,4180000
腋下长了个疙瘩,88,0,88,431000
一个月来两次月经是怎么回事,2585,116,2469,1280000
一个月来两次月经怎么回事,134,9,125,857000
一个月来三次月经,92,25,67,1670000
一直咳嗽怎么办,519,80,439,2870000
衣原体感染的原因,128,71,57,7450000
乙型肝炎表面抗原阳性,129,17,112,2840000
益母草什么时候吃,64,37,27,2640000
阴吹是怎么回事,73,0,73,652000
阴径有多长算正常,91,8,83,17300000
阴囊潮湿瘙痒怎么办,42,34,8,3120000
阴囊湿疹怎么办,98,26,72,2890000
引产后多久可以要孩子,183,51,132,3720000
英国卫裤真的有效吗,1184,142,1042,895000
幽门螺杆菌吃什么药,445,66,379,2930000
有盆腔炎能怀孕吗,122,63,59,10100000
右下腹疼痛是怎么回事,167,8,159,3370000
月经不来吃什么药,395,9,386,16700000
月经不来的原因,172,26,146,37200000
月经不来怎么办,795,67,728,14000000
月经不调吃什么药,531,85,446,11100000
月经不调的原因,236,83,153,22800000
月经不调的症状,337,103,234,17300000
月经不调会怀孕吗,162,76,86,18500000
月经不调是怎么回事,137,76,61,20500000
月经不正常能怀孕吗,110,44,66,34000000
月经不正常怎么办,205,16,189,25000000
月经迟迟不来怎么办,507,54,453,14400000
月经刚过会怀孕吗,79,8,71,89200000
月经刚完会怀孕吗,80,9,71,21000000
月经刚完可以同房吗,712,43,669,17800000
月经刚完可以同房吗,712,43,669,17800000
月经过后几天可以同房,122,43,79,7160000
月经后第一天会不会怀孕,1,1,0,19400000
月经后几天不会怀孕,27,0,27,8180000
月经后几天可以同房,911,52,859,6600000
月经回潮是怎么回事,206,8,198,121000
月经来了可以同房吗,355,17,338,10000000
月经量少吃什么药,574,45,529,4330000
月经量少能怀孕吗,129,34,95,566000
月经期间会不会怀孕,292,18,274,8600000
月经期间会怀孕吗,401,45,356,16200000
月经期间可以吃西瓜吗,667,76,591,820000
月经期间可以同房吗,163,34,129,5710000
月经期间能不能同房,133,18,115,23900000
月经期间能不能同房,133,18,115,23900000
月经期间能吃巧克力吗,158,52,106,1360000
月经期间痛经怎么办,24,24,0,13200000
月经前几天不会怀孕,9,0,9,34100000
月经时间长怎么办,79,0,79,7650000
月经提前是什么原因,5559,216,5343,569000
月经推迟10天还没来,155,26,129,6880000
月经推迟10天还没来,155,26,129,6880000
月经推迟15天的原因,79,0,79,3150000
月经推迟5天还没来,121,44,77,7870000
月经推迟7天还没来,36,28,8,4160000
月经推迟吃什么药,321,47,274,5480000
月经推迟的原因,17272,582,16690,13400000
月经推迟是什么原因,286,89,197,7610000
月经推迟一个月什么原因,161,43,118,4790000
月经一直不干净,144,43,101,4600000
月经周期短的原因,188,45,143,25900000
月经周期长的原因,104,69,35,10900000
月经最后一天同房,72,17,55,1540000
孕妇感冒头疼怎么办,73,9,64,12100000
孕妇感冒头痛怎么办,79,25,54,12100000
孕妇喝纯牛奶好吗,122,8,114,5650000
孕妇喝花生牛奶好吗,1,1,0,15400000
孕妇脚癣怎么治,1,1,0,1170000
孕妇可以吃冰激淋吗,85,0,85,27000
孕妇可以吃冰淇淋吗,735,69,666,1940000
孕妇可以吃腐乳吗,176,25,151,1730000
孕妇可以吃橄榄菜吗,191,17,174,540000
孕妇可以吃粽子吗,110,0,110,369000
孕妇可以用护垫吗,115,17,98,2090000
孕妇口腔溃疡怎么办,488,42,446,7840000
孕妇能不能吃火锅,196,55,141,1150000
孕妇能吃番茄酱吗,81,0,81,797000
孕妇能吃橄榄菜吗,155,8,147,508000
孕妇能吃雪糕吗,550,71,479,1640000
孕妇能吃鸭肉吗,312,34,278,2070000
孕妇能喝红豆汤吗,147,17,130,504000
孕妇睡不着觉怎么办,119,35,84,2150000
孕妇牙齿痛怎么办,259,62,197,11400000
孕妇牙龈肿痛怎么办,858,81,777,2310000
孕妇咽喉痛怎么办,73,0,73,1470000
孕妇长痔疮怎么办,358,62,296,1630000
孕妇中暑怎么办,555,53,502,4350000
早上空腹吃苹果好吗,654,88,566,1690000
早上起床脚底板疼,1,1,0,421000
早孕试纸弱阳性,66,0,66,3580000
怎么矫正门牙牙缝大,1,1,0,16600000
怎么接吻会怀孕,74,0,74,4220000
怎么治疗失眠多梦,18,9,9,776000
怎样防止掉头发,77,8,69,1420000
怎样会导致流产,134,9,125,10700000
怎样去掉黄褐斑,112,103,9,1190000
怎样推迟月经,131,17,114,17100000
怎样消除红肿的痘痘,1,1,0,4100000
长期腹泻怎么办,70,0,70,1580000
长期干咳是怎么回事,46,0,47,11600000
长期拉肚子怎么回事,128,66,62,25900000
长期失眠怎么办,143,17,126,2680000
整容要多少钱,5247,135,5112,6790000
支气管炎干咳怎么办,130,53,77,8310000
支原体肺炎传染吗,238,46,192,8880000
支原体感染严重吗,165,17,148,16300000
脂肪肝吃什么药,631,70,561,4960000
脂肪肝如何治疗,1911,83,1828,3340000
脂溢性皮炎用什么药,91,25,66,2940000
植物神经紊乱吃什么药,319,68,251,3090000
治疗痤疮最好的方法,72,72,0,9230000
治疗灰指甲要多少钱,133,0,133,3820000
治疗脱发的最好产品,1,1,0,14800000
治疗阴囊湿疹的药,1,1,0,5370000
治前列腺炎什么药好,1,1,0,16200000
痔疮大便出血怎么办,128,45,83,16000000
痔疮大便出血怎么办,128,45,83,16000000
痔疮手术疼不疼,65,8,57,501000
痔疮属于什么科,97,9,88,6470000
智齿发炎吃什么药,357,56,301,4070000
智齿冠周炎吃什么药,286,56,230,2230000
中年妇女性生活,56,0,56,3340000
转氨酶高吃什么好,75,17,58,929000
子宫内膜息肉的治疗,75,0,75,1850000
自然流产后多久来月经,281,27,254,6390000
自然流产能流干净吗,98,0,98,8210000
总干咳怎么回事,1,1,0,9630000
总是失眠怎么办,103,34,69,7940000
嘴巴苦是怎么回事,914,96,818,777000
嘴苦是怎么回事,213,0,213,834000
最近皮肤粗糙怎么办,1,1,0,12000000
左边肚子疼是怎么回事,953,93,860,2110000
左侧肋骨下隐痛,241,70,171,4540000
左后背疼是怎么回事,736,53,683,600000
左肋骨下方隐隐疼痛,1485,199,1286,5590000
左胸痛是怎么回事,308,136,172,446000
左眼跳是怎么回事,210,0,210,541000
左眼跳怎么回事,85,0,85,470000
做完人流后多久来月经,979,27,952,4650000
做完人流后要注意什么,68,0,68,13100000
做胃镜难受吗,732,54,678,1600000
